Job Family,Photo
Corporate Affairs/Communications,https://storage.googleapis.com/glide-prod.appspot.com/uploads-v2/pbR3my70fsYXcEjvNzbF/pub/khc3cFl6STe9GdcUKeFP.png
Facility & Administrative Services,https://storage.googleapis.com/glide-prod.appspot.com/uploads-v2/pbR3my70fsYXcEjvNzbF/pub/EI6VGRTyioOOWkYSKaSd.png
Finance,https://storage.googleapis.com/glide-prod.appspot.com/uploads-v2/pbR3my70fsYXcEjvNzbF/pub/VUKmwDa92Y9RVKsDD7OI.png
IT,https://storage.googleapis.com/glide-prod.appspot.com/uploads-v2/pbR3my70fsYXcEjvNzbF/pub/eCKgCbwAYWnkrXPbPzB9.png
Legal & Internal Audit,https://storage.googleapis.com/glide-prod.appspot.com/uploads-v2/pbR3my70fsYXcEjvNzbF/pub/yiUeam10B1McCG8QWsOG.png
Marketing,https://storage.googleapis.com/glide-prod.appspot.com/uploads-v2/pbR3my70fsYXcEjvNzbF/pub/t3P1HSfgnUnIuzEZQsJx.png
Operations,https://storage.googleapis.com/glide-prod.appspot.com/uploads-v2/pbR3my70fsYXcEjvNzbF/pub/JVR2gE5VJKPoYJRbsZJz.png
People & Culture,https://storage.googleapis.com/glide-prod.appspot.com/uploads-v2/pbR3my70fsYXcEjvNzbF/pub/PDICrLobAVNZVjghVcZk.png
Quality Management,https://storage.googleapis.com/glide-prod.appspot.com/uploads-v2/pbR3my70fsYXcEjvNzbF/pub/r5WjCMd430Z1TFK5KeEG.png
Research & Development,https://storage.googleapis.com/glide-prod.appspot.com/uploads-v2/pbR3my70fsYXcEjvNzbF/pub/zfLwSi3GhnZtELP6RRtN.png
Sales,https://storage.googleapis.com/glide-prod.appspot.com/uploads-v2/pbR3my70fsYXcEjvNzbF/pub/YjwdqmqGJdl5jr7w3R9D.png
Supply Chain & Logistics,https://storage.googleapis.com/glide-prod.appspot.com/uploads-v2/pbR3my70fsYXcEjvNzbF/pub/On6wh0sNXreUhlw723Yn.png
Technical Engineering,https://storage.googleapis.com/glide-prod.appspot.com/uploads-v2/pbR3my70fsYXcEjvNzbF/pub/oy8nnVXYVy8SdNLLUnb2.png
Technical Services,https://storage.googleapis.com/glide-prod.appspot.com/uploads-v2/pbR3my70fsYXcEjvNzbF/pub/MvabDNiUpgF4YHIgcZ5r.png
Top Executive/General ManagementÂ ,https://storage.googleapis.com/glide-prod.appspot.com/uploads-v2/pbR3my70fsYXcEjvNzbF/pub/Vj00QmkA3TO0g278yV6z.png